{
    "@context": [
        "http://www.w3.org/ns/csvw",
        {
            "@language": "en"
        }
    ],
    "dc:bibliographicCitation": "Skirg\u00e5rd, Hedvig and Haynie, Hannah J. and Blasi, Dami\u00e1n E. and Hammarstr\u00f6m, Harald and Collins, Jeremy and Latarche, Jay J. and Lesage, Jakob and Weber, Tobias and Witzlack-Makarevich, Alena and Passmore, Sam and Chira, Angela and Maurits, Luke and Dinnage, Russell and Dunn, Michael and Reesink, Ger and Singer, Ruth and Bowern, Claire and Epps, Patience and Hill, Jane and Vesakoski, Outi and Robbeets, Martine and Abbas, Noor Karolin and Auer, Daniel and Bakker, Nancy A. and Barbos, Giulia and Borges, Robert D. and Danielsen, Swintha and Dorenbusch, Luise and Dorn, Ella and Elliott, John and Falcone, Giada and Fischer, Jana and Ghanggo Ate, Yustinus and Gibson, Hannah and G\u00f6bel, Hans-Philipp and Goodall, Jemima A. and Gruner, Victoria and Harvey, Andrew and Hayes, Rebekah and Heer, Leonard and Herrera Miranda, Roberto E. and H\u00fcbler, Nataliia and Huntington-Rainey, Biu and Ivani, Jessica K. and Johns, Marilen and Just, Erika and Kashima, Eri and Kipf, Carolina and Klingenberg, Janina V. and K\u00f6nig, Nikita and Koti, Aikaterina and Kowalik, Richard G. A. and Krasnoukhova, Olga and Lindvall, Nora L.M. and Lorenzen, Mandy and Lutzenberger, Hannah and Martins, T\u00f4nia R.A. and Mata German, Celia and van der  Meer, Suzanne and Montoya Samam\u00e9, Jaime and M\u00fcller, Michael and Muradoglu, Saliha and Neely, Kelsey and Nickel, Johanna and Norvik, Miina and Oluoch, Cheryl Akinyi and Peacock, Jesse and Pearey, India O.C. and Peck, Naomi and Petit, Stephanie and Pieper, S\u00f6ren and Poblete, Mariana and Prestipino, Daniel and Raabe, Linda and Raja, Amna and Reimringer, Janis and Rey, Sydney C. and Rizaew, Julia and Ruppert, Eloisa and Salmon, Kim K. and Sammet, Jill and Schembri, Rhiannon and Schlabbach, Lars and Schmidt, Frederick W.P. and Skilton, Amalia and Smith, Wikaliler Daniel and de  Sousa, Hil\u00e1rio and Sverredal, Kristin and Valle, Daniel and Vera, Javier and Vo\u00df, Judith and Witte, Tim and Wu, Henry and Yam, Stephanie and Ye \u8449\u5a67\u5a77, Jingting and Yong, Maisie and Yuditha, Tessa and Zariquiey, Roberto and Forkel, Robert and Evans, Nicholas and Levinson, Stephen C. and Haspelmath, Martin and Greenhill, Simon J. and Atkinson, Quentin D. and Gray, Russell D. (in press). Grambank reveals the importance of genealogical constraints on linguistic diversity and highlights the impact of language loss. Science Advances.",
    "dc:conformsTo": "http://cldf.clld.org/v1.0/terms.rdf#StructureDataset",
    "dc:description": "Global dataset of structural linguistic features, part of Glottobank.",
    "dc:identifier": "https://grambank.clld.org",
    "dc:license": "https://creativecommons.org/licenses/by/4.0/",
    "dc:source": "sources.bib",
    "dc:title": "Grambank v1.0",
    "dcat:accessURL": "https://github.com/grambank/grambank",
    "prov:wasDerivedFrom": [
        {
            "rdf:about": "https://github.com/grambank/grambank",
            "rdf:type": "prov:Entity",
            "dc:created": "v1.0.2",
            "dc:title": "Repository"
        },
        {
            "rdf:about": "https://github.com/glottolog/glottolog",
            "rdf:type": "prov:Entity",
            "dc:created": "v4.4",
            "dc:title": "Glottolog"
        },
        {
            "rdf:about": "https://github.com/grambank/grambank.wiki",
            "rdf:type": "prov:Entity",
            "dc:created": "v1.0-162-g9a7fc60",
            "dc:title": "Repository"
        },
        {
            "rdf:about": "https://github.com/glottobank/Grambank",
            "rdf:type": "prov:Entity",
            "dc:created": "v1.0.4",
            "dc:title": "Repository"
        }
    ],
    "prov:wasGeneratedBy": [
        {
            "dc:title": "python",
            "dc:description": "3.8.10"
        },
        {
            "dc:title": "python-packages",
            "dc:relation": "requirements.txt"
        }
    ],
    "rdf:ID": "grambank",
    "rdf:type": "http://www.w3.org/ns/dcat#Distribution",
    "tables": [
        {
            "dc:conformsTo": "http://cldf.clld.org/v1.0/terms.rdf#ValueTable",
            "dc:extent": 441663,
            "tableSchema": {
                "columns": [
                    {
                        "datatype": {
                            "base": "string",
                            "format": "[a-zA-Z0-9_\\-]+"
                        },
                        "propertyUrl": "http://cldf.clld.org/v1.0/terms.rdf#id",
                        "required": true,
                        "name": "ID"
                    },
                    {
                        "dc:extent": "singlevalued",
                        "datatype": "string",
                        "propertyUrl": "http://cldf.clld.org/v1.0/terms.rdf#languageReference",
                        "required": true,
                        "name": "Language_ID"
                    },
                    {
                        "dc:extent": "singlevalued",
                        "datatype": "string",
                        "propertyUrl": "http://cldf.clld.org/v1.0/terms.rdf#parameterReference",
                        "required": true,
                        "name": "Parameter_ID"
                    },
                    {
                        "dc:extent": "singlevalued",
                        "datatype": "string",
                        "null": [
                            "?"
                        ],
                        "propertyUrl": "http://cldf.clld.org/v1.0/terms.rdf#value",
                        "required": false,
                        "name": "Value"
                    },
                    {
                        "dc:extent": "singlevalued",
                        "datatype": "string",
                        "propertyUrl": "http://cldf.clld.org/v1.0/terms.rdf#codeReference",
                        "required": false,
                        "name": "Code_ID"
                    },
                    {
                        "datatype": "string",
                        "propertyUrl": "http://cldf.clld.org/v1.0/terms.rdf#comment",
                        "required": false,
                        "name": "Comment"
                    },
                    {
                        "datatype": "string",
                        "propertyUrl": "http://cldf.clld.org/v1.0/terms.rdf#source",
                        "required": false,
                        "separator": ";",
                        "name": "Source"
                    },
                    {
                        "datatype": "string",
                        "name": "Source_comment"
                    },
                    {
                        "separator": ";",
                        "name": "Coders"
                    }
                ],
                "foreignKeys": [
                    {
                        "columnReference": [
                            "Language_ID"
                        ],
                        "reference": {
                            "resource": "languages.csv",
                            "columnReference": [
                                "ID"
                            ]
                        }
                    },
                    {
                        "columnReference": [
                            "Parameter_ID"
                        ],
                        "reference": {
                            "resource": "parameters.csv",
                            "columnReference": [
                                "ID"
                            ]
                        }
                    },
                    {
                        "columnReference": [
                            "Code_ID"
                        ],
                        "reference": {
                            "resource": "codes.csv",
                            "columnReference": [
                                "ID"
                            ]
                        }
                    },
                    {
                        "columnReference": [
                            "Coders"
                        ],
                        "reference": {
                            "resource": "contributors.csv",
                            "columnReference": [
                                "ID"
                            ]
                        }
                    }
                ],
                "primaryKey": [
                    "ID"
                ]
            },
            "url": "values.csv"
        },
        {
            "dc:description": "Grambank is a collaborative effort. The people listed in this table contributed by coding languages or guiding the coding as feature patrons or by facilitating the project through funding, technical assitance, etc.",
            "dc:extent": 139,
            "tableSchema": {
                "columns": [
                    {
                        "datatype": "string",
                        "name": "ID"
                    },
                    {
                        "datatype": "string",
                        "name": "Name"
                    },
                    {
                        "datatype": "string",
                        "name": "Description"
                    },
                    {
                        "valueUrl": "https://glottobank.org/photos/{Photo}",
                        "name": "Photo"
                    },
                    {
                        "datatype": {
                            "base": "string",
                            "format": "Project\\ leader|Project\\ coordinator|Database\\ manager|Patron|Node\\ leader|Coder|Methods\\-team|Senior\\ advisor"
                        },
                        "separator": ", ",
                        "name": "Roles"
                    }
                ],
                "primaryKey": [
                    "ID"
                ]
            },
            "url": "contributors.csv"
        },
        {
            "dc:conformsTo": "http://cldf.clld.org/v1.0/terms.rdf#LanguageTable",
            "dc:description": "Language\u015b and dialects for which Grambank has codings.",
            "dc:extent": 2467,
            "tableSchema": {
                "columns": [
                    {
                        "datatype": {
                            "base": "string",
                            "format": "[a-zA-Z0-9_\\-]+"
                        },
                        "propertyUrl": "http://cldf.clld.org/v1.0/terms.rdf#id",
                        "required": true,
                        "name": "ID"
                    },
                    {
                        "datatype": "string",
                        "propertyUrl": "http://cldf.clld.org/v1.0/terms.rdf#name",
                        "required": false,
                        "name": "Name"
                    },
                    {
                        "datatype": "string",
                        "propertyUrl": "http://cldf.clld.org/v1.0/terms.rdf#macroarea",
                        "required": false,
                        "name": "Macroarea"
                    },
                    {
                        "datatype": {
                            "base": "decimal",
                            "minimum": "-90",
                            "maximum": "90"
                        },
                        "propertyUrl": "http://cldf.clld.org/v1.0/terms.rdf#latitude",
                        "required": false,
                        "name": "Latitude"
                    },
                    {
                        "datatype": {
                            "base": "decimal",
                            "minimum": "-180",
                            "maximum": "180"
                        },
                        "propertyUrl": "http://cldf.clld.org/v1.0/terms.rdf#longitude",
                        "required": false,
                        "name": "Longitude"
                    },
                    {
                        "datatype": {
                            "base": "string",
                            "format": "[a-z0-9]{4}[1-9][0-9]{3}"
                        },
                        "propertyUrl": "http://cldf.clld.org/v1.0/terms.rdf#glottocode",
                        "required": false,
                        "valueUrl": "http://glottolog.org/resource/languoid/id/{Glottocode}",
                        "name": "Glottocode"
                    },
                    {
                        "datatype": {
                            "base": "string",
                            "format": "[a-z]{3}"
                        },
                        "propertyUrl": "http://cldf.clld.org/v1.0/terms.rdf#iso639P3code",
                        "required": false,
                        "name": "ISO639P3code"
                    },
                    {
                        "dc:description": "Name of the contributed file",
                        "name": "provenance"
                    },
                    {
                        "dc:description": "Name of the top-level language family the variety belongs to",
                        "name": "Family_name"
                    },
                    {
                        "dc:description": "Glottocode of the top-level language family",
                        "name": "Family_level_ID"
                    },
                    {
                        "dc:description": "Glottocode of the language-level languoid a variety belongs to - in case of doalects",
                        "name": "Language_level_ID"
                    },
                    {
                        "datatype": "string",
                        "name": "level"
                    },
                    {
                        "dc:description": "list of ancestor groups in the Glottolog classification",
                        "separator": "/",
                        "name": "lineage"
                    }
                ],
                "foreignKeys": [
                    {
                        "columnReference": [
                            "Family_level_ID"
                        ],
                        "reference": {
                            "resource": "families.csv",
                            "columnReference": [
                                "ID"
                            ]
                        }
                    }
                ],
                "primaryKey": [
                    "ID"
                ]
            },
            "url": "languages.csv"
        },
        {
            "dc:conformsTo": "http://cldf.clld.org/v1.0/terms.rdf#ParameterTable",
            "dc:extent": 195,
            "tableSchema": {
                "columns": [
                    {
                        "datatype": {
                            "base": "string",
                            "format": "[a-zA-Z0-9_\\-]+"
                        },
                        "propertyUrl": "http://cldf.clld.org/v1.0/terms.rdf#id",
                        "required": true,
                        "name": "ID"
                    },
                    {
                        "datatype": "string",
                        "propertyUrl": "http://cldf.clld.org/v1.0/terms.rdf#name",
                        "required": false,
                        "name": "Name"
                    },
                    {
                        "datatype": "string",
                        "propertyUrl": "http://cldf.clld.org/v1.0/terms.rdf#description",
                        "required": false,
                        "name": "Description"
                    },
                    {
                        "datatype": "json",
                        "propertyUrl": "http://cldf.clld.org/v1.0/terms.rdf#columnSpec",
                        "required": false,
                        "name": "ColumnSpec"
                    },
                    {
                        "dc:description": "Grambank editors responsible for this feature",
                        "separator": " ",
                        "name": "Patrons"
                    },
                    {
                        "datatype": "string",
                        "name": "Grambank_ID_desc"
                    },
                    {
                        "datatype": "string",
                        "name": "Boundness"
                    },
                    {
                        "datatype": "string",
                        "name": "Flexivity"
                    },
                    {
                        "datatype": "string",
                        "name": "Gender_or_Noun_Class"
                    },
                    {
                        "datatype": "string",
                        "name": "Locus_of_Marking"
                    },
                    {
                        "datatype": "string",
                        "name": "Word_Order"
                    },
                    {
                        "datatype": "string",
                        "name": "Informativity"
                    }
                ],
                "foreignKeys": [
                    {
                        "columnReference": [
                            "Patrons"
                        ],
                        "reference": {
                            "resource": "contributors.csv",
                            "columnReference": [
                                "ID"
                            ]
                        }
                    }
                ],
                "primaryKey": [
                    "ID"
                ]
            },
            "url": "parameters.csv"
        },
        {
            "dc:conformsTo": "http://cldf.clld.org/v1.0/terms.rdf#CodeTable",
            "dc:extent": 398,
            "tableSchema": {
                "columns": [
                    {
                        "datatype": {
                            "base": "string",
                            "format": "[a-zA-Z0-9_\\-]+"
                        },
                        "propertyUrl": "http://cldf.clld.org/v1.0/terms.rdf#id",
                        "required": true,
                        "name": "ID"
                    },
                    {
                        "dc:description": "The parameter or variable the code belongs to.",
                        "dc:extent": "singlevalued",
                        "datatype": "string",
                        "propertyUrl": "http://cldf.clld.org/v1.0/terms.rdf#parameterReference",
                        "required": true,
                        "name": "Parameter_ID"
                    },
                    {
                        "datatype": "string",
                        "propertyUrl": "http://cldf.clld.org/v1.0/terms.rdf#name",
                        "required": false,
                        "name": "Name"
                    },
                    {
                        "datatype": "string",
                        "propertyUrl": "http://cldf.clld.org/v1.0/terms.rdf#description",
                        "required": false,
                        "name": "Description"
                    }
                ],
                "foreignKeys": [
                    {
                        "columnReference": [
                            "Parameter_ID"
                        ],
                        "reference": {
                            "resource": "parameters.csv",
                            "columnReference": [
                                "ID"
                            ]
                        }
                    }
                ],
                "primaryKey": [
                    "ID"
                ]
            },
            "url": "codes.csv"
        },
        {
            "dc:extent": 215,
            "tableSchema": {
                "columns": [
                    {
                        "datatype": "string",
                        "name": "ID"
                    },
                    {
                        "datatype": "string",
                        "name": "Newick"
                    }
                ],
                "primaryKey": [
                    "ID"
                ]
            },
            "url": "families.csv"
        }
    ]
}